agency,id,lat,lon,name
GIR,37742,44.864433,-0.525310,LORMONT - La Buttinière
GIR,36350,44.864178,-0.519440,Place des 2 Villes
GIR,36710,44.871693,-0.511850,Avenue de Paris
GIR,37717,44.878437,-0.510891,LORMONT - La Ramade
GIR,36997,44.881450,-0.510192,L'Archevêque
GIR,37720,44.887200,-0.507066,Avenue de Bordeaux
GIR,37708,44.891785,-0.502864,Foyer Municipal
GIR,37719,44.893898,-0.500689,Carbon Blanc Centre
GIR,37756,44.897350,-0.496916,Victor Hugo
GIR,37754,44.903120,-0.490058,STE EULALIE - Les Places
GIR,37751,44.906900,-0.486457,STE EULALIE - Centre Commercial
GIR,37761,44.919600,-0.480090,AMBARES - Le Poteau
GIR,37744,44.929276,-0.474217,La Grave d'Ambarès
GIR,37647,44.932293,-0.473614,Maréchal Foch
GIR,37681,44.939617,-0.472012,AMBARES - Surin
GIR,37655,44.943707,-0.469473,Blanchet
GIR,37688,44.950910,-0.467381,Clos Palu
GIR,37738,44.954445,-0.468260,Saint Vincent de Paul
GIR,37736,44.972153,-0.452984,CUBZAC - Bourg
GIR,37746,44.986336,-0.450150,ST ANDRE C. - Cimetière
GIR,37743,44.991550,-0.448074,ST ANDRE C. - Rue Ste Anne
GIR,37759,44.991196,-0.441491,ST ANDRE C. - Gare TER
GIR,37735,44.993440,-0.452080,ST ANDRE C. - Rue Cdt Cousteau
GIR,37737,44.998684,-0.459159,ST ANDRE C. - Chem. J. Fortin
GIR,37727,45.004140,-0.461067,ST ANDRE C. - Le Basque
GIR,37733,45.014324,-0.469298,ST GERVAIS - Voisi
GIR,37734,45.022938,-0.476782,ST GERVAIS - Port d'Espeau
GIR,37741,45.028150,-0.484211,PRIGNAC ET M. - Coubet
GIR,37739,45.032932,-0.492844,PRIGNAC ET M. - Mairie
GIR,37740,45.035576,-0.498891,PRIGNAC ET M. - Stade
GIR,37760,45.037150,-0.508100,TAURIAC - Le Pont du Moron
GIR,37763,45.038486,-0.519918,TAURIAC - La Lustre
GIR,37724,45.039920,-0.535980,BOURG - Le Ligat
GIR,37769,45.041280,-0.547357,BOURG - La Croix
GIR,37726,45.040604,-0.554823,BOURG - Maison du Vin
GIR,37771,45.040910,-0.557631,BOURG - Allées F. Daleau
GIR,37725,45.045815,-0.574659,BOURG - Camillac
GIR,37766,45.049095,-0.583569,ST SEURIN DE B. - Bourg
GIR,37722,45.051758,-0.592344,BAYON - Talbot
GIR,37723,45.055943,-0.599882,BAYON - La Croix de Millorit
GIR,37728,45.060482,-0.608130,GAURIAC - Le Breuil
GIR,37731,45.063800,-0.616583,GAURIAC - Bourg
GIR,37729,45.068913,-0.622752,GAURIAC - Camp Haut
GIR,37730,45.071983,-0.628126,GAURIAC - Maison Franche
GIR,37770,45.080254,-0.636176,VILLENEUVE - Roque de Thau
GIR,37768,45.090546,-0.639160,VILLENEUVE - Mendoce
GIR,37752,45.099194,-0.641085,PLASSAC - La Manderaude
GIR,37749,45.102463,-0.643748,PLASSAC - La Poste
GIR,37755,45.104610,-0.648100,PLASSAC - Les Ecoles
GIR,37748,45.123850,-0.644229,CARS - Sociondeau
GIR,37765,45.129154,-0.641171,BLAYE - Centre Commercial
GIR,37757,45.131790,-0.658477,BLAYE - Av. Haussman
GIR,37758,45.127200,-0.663199,BLAYE - Hôtel de Ville
GIR,37750,45.124798,-0.664519,BLAYE - Embarcadère
GIR,37762,44.992496,-0.447970,ST ANDRE C. - Eglise
GIR,37767,45.068900,-0.594836,COMPS - Mairie
GIR,37747,45.083200,-0.608818,ST CIERS DE C. - Bourg
GIR,37732,45.083170,-0.629262,VILLENEUVE - Bourg
GIR,37774,44.867325,-0.575648,Place Ravezies
GIR,37776,44.873997,-0.575656,Les Aubiers
GIR,37786,44.877186,-0.567595,BORDEAUX - Reinson
GIR,37775,44.888187,-0.517063,La Gardette - Bassens - Carbon-Blanc
GIR,37782,44.995210,-0.443568,ST ANDRE C. - Champ de Foire
GIR,37781,44.999226,-0.441774,ST ANDRE C. - La Pouyade
GIR,37792,45.003260,-0.438045,ST ANDRE C. - La Garosse
GIR,37773,45.009384,-0.439393,ST ANDRE C. - ZA Parc d'A. RD 137
GIR,37779,45.027210,-0.453462,ST GERVAIS - Cave Coopérative
GIR,37772,45.036100,-0.460614,ST LAURENT D'A. - Prantigarde
GIR,37788,45.042995,-0.466221,ST LAURENT D'A. - Grand Thibaud
GIR,37787,45.052430,-0.474074,ST LAURENT D'A. - Magrigne
GIR,37780,45.065500,-0.485093,TAURIAC - Peujais
GIR,37791,45.077747,-0.499962,PUGNAC - Gravier
GIR,37777,45.087868,-0.516012,PUGNAC - Le Fassier
GIR,37790,45.101590,-0.539746,TEUILLAC - Le Poteau
GIR,37783,45.113037,-0.577206,BERSON - La Croix Blanche
GIR,37785,45.108334,-0.585135,BERSON - Bourg
GIR,37789,45.124770,-0.595992,BERSON - Bel Air
GIR,37784,45.126556,-0.611671,CARS - Le Ripassou
GIR,37778,45.127426,-0.619321,CARS - Bourg
GIR,37797,45.010414,-0.434108,ST ANDRE C. - ZA Parc d'Aquitaine
GIR,37810,45.017740,-0.425179,VAL DE V. - Bourg de St Antoine
GIR,37794,45.022846,-0.423264,VAL DE V. - Grand Etienne
GIR,37803,45.030285,-0.441449,VIRSAC - Bourg
GIR,37793,45.043674,-0.421953,PEUJARD - Coll. E. Durkheim
GIR,37802,45.040043,-0.409647,PEUJARD - La Marquette
GIR,37811,45.041710,-0.395032,GAURIAGUET - Bourg
GIR,37795,45.051330,-0.396939,GAURIAGUET - Meillier
GIR,37812,45.055023,-0.401145,GAURIAGUET - Gueynard
GIR,37801,45.062775,-0.399184,CUBNEZAIS - La Croix de Merlet
GIR,37800,45.073112,-0.408266,CUBNEZAIS - Bourg
GIR,37799,45.075180,-0.408659,CUBNEZAIS - Maison des Jeunes
GIR,37804,45.089542,-0.419133,CEZAC - Bourg
GIR,37806,45.088200,-0.401140,CEZAC - Landreau
GIR,37809,45.097202,-0.388672,CAVIGNAC - Le Coutit
GIR,37808,45.100006,-0.389457,CAVIGNAC - Mairie
GIR,37798,45.105250,-0.382681,CAVIGNAC - Gare TER
GIR,37807,45.107468,-0.383810,CAVIGNAC - Font du Vergne
GIR,37796,45.112130,-0.379827,CAVIGNAC - Pont de Cottet
GIR,37805,45.108230,-0.342997,LARUSCADE - Foyer Communal
GIR,37815,45.135040,-0.658572,BLAYE - Hôpital
GIR,37825,45.136677,-0.656349,BLAYE - Colinet
GIR,37822,45.146152,-0.643765,ST MARTIN L. - Bourg
GIR,37819,45.155876,-0.647303,ST GENES DE B. - La Croix
GIR,37816,45.162650,-0.643717,ST GENES DE B. - Les Ecoles
GIR,37821,45.182070,-0.641520,ST ANDRONY - La Riade
GIR,37814,45.189884,-0.645563,ST ANDRONY - Guillot
GIR,37817,45.195540,-0.642531,ANGLADE - Le Bouil
GIR,37820,45.211940,-0.636313,ANGLADE - Bourg
GIR,37823,45.247276,-0.625928,BRAUD ST LOUIS - Bourg
GIR,37826,45.261500,-0.621109,BRAUD ST LOUIS - Les Alains
GIR,37818,45.273876,-0.616427,ST CIERS SUR G. - Les Ferrés
GIR,37813,45.284890,-0.609346,ST CIERS SUR G. - Chauvrelles
GIR,37824,45.291510,-0.611191,ST CIERS SUR G. - Eglise
GIR,37841,45.160652,-0.622684,ST SEURIN DE CUR. - Bourg
GIR,37827,45.184563,-0.605227,EYRANS - La Clairière
GIR,37842,45.189090,-0.602996,EYRANS - Le Pontet
GIR,37830,45.196310,-0.593901,CARTELEGUE - Bel Ormeau
GIR,37829,45.224480,-0.573077,ETAULIERS - Mairie
GIR,37828,45.230705,-0.567576,ETAULIERS - Rés. la Pinède
GIR,37838,45.252860,-0.565014,ST AUBIN BL. - Pas des Fenêtres
GIR,37836,45.267216,-0.560331,ST AUBIN BL. - Bourg
GIR,37835,45.265533,-0.572367,ST AUBIN BL. - Champ des Chailles
GIR,37832,45.273760,-0.593189,ST CIERS SUR G. - Les Renauds
GIR,37834,45.281284,-0.600121,ST CIERS SUR G. - Les Michenauds
GIR,37833,45.290290,-0.607340,ST CIERS SUR G. - Rue R. Bourda
GIR,37831,45.292007,-0.608054,ST CIERS SUR G. - Pl. Maronniers
GIR,37839,45.310160,-0.596157,ST PALAIS - Les Mongeais
GIR,37837,45.314175,-0.591264,ST PALAIS - Bourg
GIR,37840,45.331432,-0.593916,PLEINE SELVE - Chez Pidoux
GIR,37857,44.903030,-0.484080,STE EULALIE - Le Marquisat
GIR,37858,44.907093,-0.475205,STE EULALIE - Maurel
GIR,37856,44.908432,-0.471339,STE EULALIE - Centre
GIR,37879,44.912170,-0.474780,STE EULALIE - Loume
GIR,37876,44.917210,-0.476572,STE EULALIE - L'Argentière
GIR,37872,44.922783,-0.464870,AMBARES - La Ricodonne
GIR,37859,44.920956,-0.451982,ST LOUBES - ZI de la Lande
GIR,37878,44.919470,-0.439366,ST LOUBES - Jean Videau
GIR,37880,44.917183,-0.428819,ST LOUBES - Bourg
GIR,37861,44.915740,-0.420383,ST LOUBES - L'Olivey
GIR,37860,44.915062,-0.416643,ST LOUBES - Les Graves
GIR,37874,44.913277,-0.403974,ST SULPICE ET C. - Quantin
GIR,37873,44.913216,-0.395638,ST SULPICE ET C. - La Poste
GIR,37875,44.915085,-0.388871,ST SULPICE ET C. - Le Ribet
GIR,37854,44.920240,-0.370857,IZON - Maucaillou
GIR,37849,44.920887,-0.365737,IZON - Eglise
GIR,37851,44.919567,-0.358678,IZON - Ecole
GIR,37852,44.917065,-0.348954,IZON - Le Pin
GIR,37853,44.914997,-0.340620,IZON - Graney
GIR,37869,44.911300,-0.326019,VAYRES - Le Paradis
GIR,37871,44.908157,-0.323691,VAYRES - Les Placettes
GIR,37868,44.902355,-0.322422,VAYRES - Gare TER
GIR,37866,44.898680,-0.320331,VAYRES - Nioton
GIR,37870,44.897423,-0.316451,VAYRES - Bourg
GIR,37862,44.896343,-0.313753,VAYRES - La Pompe
GIR,37865,44.889023,-0.308433,VAYRES - Segransan
GIR,37867,44.884438,-0.285727,ARVEYRES - Bourg RN89
GIR,37863,44.894720,-0.274080,ARVEYRES - Maison Neuve
GIR,37864,44.911148,-0.256588,ARVEYRES - Port du Noyer
GIR,37855,44.912490,-0.247244,LIBOURNE - Pl. Lattre de Tassigny
GIR,37850,44.911240,-0.243305,LIBOURNE - Crs des Girondins
GIR,37877,44.914870,-0.237262,LIBOURNE - Gare Routière
GIR,37894,44.867466,-0.507001,Kennedy
GIR,37884,44.867363,-0.471182,ARTIGUES BX - Le Flaman
GIR,37886,44.865475,-0.472301,ARTIGUES BX - Av. du Périgord
GIR,37888,44.864662,-0.459854,TRESSES - Lauduc
GIR,37893,44.865170,-0.454145,POMPIGNAC - Rivasseau
GIR,37891,44.868156,-0.443972,POMPIGNAC - Gachet
GIR,37892,44.872223,-0.431430,MONTUSSAN - Lalande
GIR,37887,44.878902,-0.427351,MONTUSSAN - Av. de Verdun
GIR,37889,44.878510,-0.424176,MONTUSSAN - Rue de la Chaise
GIR,37890,44.879100,-0.415394,MONTUSSAN - Rue des Chênes
GIR,37883,44.874535,-0.396682,BEYCHAC - Beychac
GIR,37881,44.877605,-0.376341,BEYCHAC - L'Intendant
GIR,37885,44.881530,-0.343082,VAYRES - Grand Cazau
GIR,37895,44.882750,-0.310778,VAYRES - Senau
GIR,34894,44.843853,-0.573905,Pôle d'Echanges Quinconces
GIR,37882,44.896072,-0.155554,ST EMILION - Bourg
GIR,36985,44.867245,-0.496605,La Prairie
GIR,37899,44.866410,-0.490253,ARTIGUES BX - Cimetière
GIR,37324,44.865482,-0.473736,Le Poteau
GIR,37908,44.880745,-0.462045,YVRAC - Bourg
GIR,37907,44.878937,-0.457824,YVRAC - La Clé des Champs
GIR,37898,44.877980,-0.451133,YVRAC - Av. La Chapelle
GIR,37906,44.879020,-0.444105,MONTUSSAN - Route d'Yvrac
GIR,37909,44.879456,-0.435969,MONTUSSAN - Cournau
GIR,37904,44.882015,-0.429111,MONTUSSAN - Eglise
GIR,37902,44.879013,-0.426789,MONTUSSAN - Rue de la Chaise
GIR,37903,44.878350,-0.418378,MONTUSSAN - Allée des Oiseaux
GIR,37905,44.881980,-0.401958,BEYCHAC - Les Hauts de Beychac
GIR,37900,44.876580,-0.396806,BEYCHAC - Rte de Lartigue
GIR,37896,44.875492,-0.376195,BEYCHAC - La Lande de Bertin
GIR,37897,44.870540,-0.371596,BEYCHAC - Mairie
GIR,37911,44.917270,-0.240527,LIBOURNE - Lyc. M. Linder
GIR,37928,44.919690,-0.246175,FRONSAC - Loiseau
GIR,37916,44.923958,-0.271811,FRONSAC - Bourg
GIR,37918,44.923065,-0.287509,FRONSAC - La Marche
GIR,37915,44.925518,-0.301206,ST MICHEL DE F. - Naudin
GIR,37913,44.929650,-0.303739,ST MICHEL DE F. - La Poste
GIR,37912,44.932880,-0.307938,LA RIVIERE - Bourg
GIR,37910,44.937170,-0.314812,LA RIVIERE - Ecoles
GIR,37926,44.946390,-0.326091,ST GERMAIN LA R. - Roque de Bas
GIR,37927,44.950993,-0.333392,ST GERMAIN LA R. - Bourg
GIR,37924,44.954605,-0.345461,LUGON - Le Gabaron
GIR,37922,44.957626,-0.352104,LUGON - Bos Gramont
GIR,37920,44.966990,-0.372952,CADILLAC EN F. - Bourg
GIR,37917,44.971867,-0.383822,LA LANDE DE F. - La Gare
GIR,37923,44.981760,-0.378038,LA LANDE DE F. - Salle des fêtes
GIR,37925,44.975998,-0.393093,LA LANDE DE F. - Mouluire
GIR,37919,44.982690,-0.408105,ST ANDRE C. - La Lagune
GIR,37921,44.990486,-0.424453,ST ANDRE C. - Aire du Peyrat
GIR,37914,44.992527,-0.431476,ST ANDRE C. - Pont de Loze
GIR,37953,44.920036,-0.230137,LIBOURNE - Hôpital Boulin
GIR,37962,44.923428,-0.207938,POMEROL - Catusseau Bourg
GIR,37963,44.931293,-0.190219,POMEROL - Gazin
GIR,37952,44.939910,-0.178763,NEAC - La Croix de St André
GIR,37951,44.942950,-0.171878,NEAC - Siaurac
GIR,37950,44.948520,-0.158000,NEAC - Bertineau
GIR,37942,44.950790,-0.149098,MONTAGNE - Les Landes
GIR,37934,44.960990,-0.151976,ARTIGUES DE L. - Colas Nouet
GIR,37932,44.966213,-0.148580,ARTIGUES DE L. - Moulin Gaillard
GIR,37958,44.971690,-0.140068,ARTIGUES DE L. - Bourg
GIR,37957,44.975655,-0.133254,ARTIGUES DE L. - Les Grands Jays
GIR,37930,44.977520,-0.129789,ARTIGUES DE L. - Les Grands Jays
GIR,37929,44.980713,-0.120386,ARTIGUES DE L. - Grézard
GIR,37938,44.971615,-0.107906,LUSSAC - Malydure
GIR,37965,44.962215,-0.102346,LUSSAC - Le Cros
GIR,37939,44.954662,-0.099246,LUSSAC - Guimberteau
GIR,37949,44.950603,-0.096776,LUSSAC - Bourg
GIR,37940,44.955044,-0.093231,LUSSAC - Normand
GIR,37941,44.963173,-0.087723,LUSSAC - Terrien Bourdil
GIR,37943,44.969630,-0.088795,LUSSAC - Jamard
GIR,37964,44.975030,-0.090284,LUSSAC - Mayne Blanc
GIR,37961,44.979244,-0.091352,LUSSAC - Bel Air
GIR,37945,44.983696,-0.087193,LUSSAC - Les Martins
GIR,37954,44.984490,-0.078527,PETIT PALAIS - La Margagne
GIR,37955,44.981300,-0.070631,PETIT PALAIS - Sorillon
GIR,37956,44.981440,-0.064500,PETIT PALAIS - Mairie
GIR,37946,44.980140,-0.036409,PETIT PALAIS - Cornemps
GIR,37959,44.982525,-0.002242,PUYNORMAND - Eglise
GIR,37960,44.983974,0.004833,PUYNORMAND - Villatte
GIR,37944,44.992240,0.017169,GOURS - Le Meillac
GIR,37947,44.992428,0.020837,GOURS - Eglise
GIR,37948,44.988945,0.024059,GOURS - Bétoule
GIR,37931,44.979195,0.037565,MINZAC - La Chevalerie
GIR,37933,44.971733,0.038037,MINZAC - Bourg
GIR,37935,44.964367,0.047290,MINZAC - Le Grand Maine
GIR,37936,44.949608,0.055891,VILLEFRANCHE DE L. - Petit Maine
GIR,37937,44.947773,0.056049,VILLEFRANCHE DE L. - Bourg
GIR,37976,44.924614,-0.193809,POMEROL - La Pointe de l'Evangile
GIR,37968,44.925358,-0.189541,ST EMILION - La Dominique
GIR,37967,44.922950,-0.177037,ST EMILION - Corbin
GIR,37966,44.924810,-0.167779,ST EMILION - Le Jura
GIR,37982,44.929180,-0.162177,MONTAGNE - Plaisance
GIR,37984,44.930330,-0.158775,MONTAGNE - Maison Blanche
GIR,37985,44.931328,-0.146861,MONTAGNE - St Georges
GIR,37970,44.935547,-0.137845,MONTAGNE - Bertin
GIR,37971,44.933887,-0.130936,MONTAGNE - Beauséjour
GIR,37972,44.930336,-0.129320,MONTAGNE - Bourg
GIR,37978,44.934940,-0.126313,MONTAGNE - Les Arriails
GIR,37974,44.937540,-0.122368,MONTAGNE - Mirande
GIR,37980,44.941810,-0.116733,MONTAGNE - Baudron
GIR,37981,44.949066,-0.108995,LUSSAC - Le Rival
GIR,37983,44.949690,-0.099471,LUSSAC - Collège
GIR,37969,44.947150,-0.084343,LUSSAC - Blanchon
GIR,37986,44.945175,-0.073523,LUSSAC - Roques
GIR,37973,44.936356,-0.071817,PUISSEGUIN - Cave Coopérative
GIR,37979,44.930050,-0.077465,PUISSEGUIN - Longues Règes
GIR,37977,44.926517,-0.075671,PUISSEGUIN - Gare
GIR,37975,44.923340,-0.073025,PUISSEGUIN - Pl. de l'Eglise
GIR,37998,44.914250,-0.230938,LIBOURNE - Eglise Epinette
GIR,38007,44.910034,-0.210774,ST EMILION - Taillas
GIR,38009,44.909145,-0.202099,ST EMILION - Truquet
GIR,38006,44.909702,-0.183660,ST EMILION - La Croix Figeac
GIR,37991,44.901900,-0.167563,ST EMILION - Pourret
GIR,38008,44.896410,-0.150520,ST EMILION - Villemaurine
GIR,37988,44.895880,-0.139827,ST CHRISTOPHE DES B. - Haut Sarpe
GIR,38010,44.895775,-0.124448,ST CHRISTOPHE DES B. - Bourg
GIR,37994,44.891552,-0.110900,ST CHRISTOPHE DES B. - Rocheyron
GIR,37992,44.888397,-0.096369,ST ETIENNE DE L. - Peyblanquet
GIR,37993,44.886707,-0.084889,ST ETIENNE DE L. - Tour Pressac
GIR,38002,44.897800,-0.062739,ST GENES DE C. - Bourg
GIR,37990,44.893430,-0.043774,GARDEGAN - Les Faures
GIR,37989,44.903010,-0.032772,GARDEGAN - Cave Coopérative
GIR,37997,44.914005,-0.030862,ST PHILIPPE D'A. - Bourg
GIR,38000,44.927025,-0.030385,ST CIBARD - Le Gros Buisson
GIR,38004,44.932426,-0.030737,ST CIBARD - Le Canton
GIR,38001,44.938065,-0.027960,ST CIBARD - Pimpine
GIR,38005,44.941190,-0.024316,ST CIBARD - Puy Fromage
GIR,38003,44.945827,-0.024921,ST CIBARD - Michel de Bos
GIR,37987,44.954240,-0.017085,TAYAC - Vergne
GIR,37999,44.953377,-0.010052,TAYAC - Bourg
GIR,37996,44.945408,-0.006480,FRANCS - Bourg
GIR,37995,44.939823,-0.023131,ST CIBARD - Mairie
GIR,38032,44.908880,-0.235563,LIBOURNE - Parc des Sports
GIR,38035,44.901134,-0.217304,LIBOURNE - Centre Commercial
GIR,38013,44.897890,-0.209663,LIBOURNE - Carré
GIR,38021,44.894066,-0.200639,ST EMILION - Cantenac
GIR,38018,44.879673,-0.167939,ST SULPICE DE F. - Les Bigaroux
GIR,38023,44.868153,-0.144701,ST EMILION - Ferrandat
GIR,38028,44.860344,-0.128905,ST HIPPOLYTE - Petit Bouquey
GIR,38024,44.855580,-0.113054,ST PEY D'A. - Bourg
GIR,38030,44.855316,-0.099920,ST PEY D'A. - Laglaye
GIR,38026,44.855026,-0.085960,ST MAGNE DE C. - Gory
GIR,38025,44.854767,-0.072854,ST MAGNE DE C. - Les Demoiselles
GIR,38014,44.854534,-0.062518,ST MAGNE DE C. - Mézières
GIR,38012,44.854343,-0.050642,CASTILLON LA B. - Le Paradis
GIR,38011,44.853752,-0.042964,CASTILLON LA B. - Bourg
GIR,38029,44.834534,-0.038522,MOULIETS - Villemartin
GIR,38031,44.827496,-0.042508,MOULIETS - Grand Barry
GIR,38034,44.823513,-0.042778,MOULIETS - La Flamengue
GIR,38015,44.817898,-0.039301,PUJOLS - La Rivière
GIR,38016,44.807144,-0.031274,PUJOLS - Centre
GIR,38017,44.800568,-0.020402,PUJOLS - La Devise
GIR,38027,44.797320,-0.004227,DOULEZON - La Font St Martin
GIR,38033,44.798230,0.011210,STE RADEGONDE - Fonsalade
GIR,38037,44.797523,0.024034,STE RADEGONDE - L'Espérance
GIR,38019,44.805363,0.038555,STE RADEGONDE - Plaisance
GIR,38020,44.803986,0.071520,GENSAC - Bourg
GIR,38022,44.792522,0.074486,GENSAC - Savoye
GIR,38036,44.744778,0.075841,PELLEGRUE - La Grenouillette
GIR,38039,44.890507,-0.204978,ST EMILION - J. Marie
GIR,38048,44.887928,-0.201632,ST SULPICE DE F. - Pierrefitte
GIR,38051,44.874016,-0.190441,ST SULPICE DE F. - Cimetière
GIR,38045,44.869793,-0.187854,ST SULPICE DE F. - Croix Fourche
GIR,38049,44.853413,-0.180617,ST SULPICE DE F. - Bregnet
GIR,38057,44.828730,-0.185287,BRANNE - La Poste
GIR,38062,44.844510,-0.162020,VIGNONET - Eglise
GIR,38060,44.846687,-0.146632,VIGNONET - Mairie
GIR,38061,44.842094,-0.144967,VIGNONET - Micouleau
GIR,38054,44.832985,-0.141276,STE TERRE - Moustey
GIR,38055,44.827970,-0.117083,STE TERRE - La Chapelle
GIR,38053,44.823680,-0.126536,STE TERRE - Bernadas
GIR,38052,44.820150,-0.134931,STE TERRE - Lavagnac
GIR,38056,44.816850,-0.136566,STE TERRE - Pelisson
GIR,38047,44.813650,-0.139736,ST JEAN DE B. - Bourg
GIR,38046,44.807846,-0.136878,ST JEAN DE B. - Mondon
GIR,38059,44.790610,-0.118861,ST VINCENT PERT. - Couleau
GIR,38058,44.778835,-0.112043,ST VINCENT PERT. - Villesèque
GIR,38043,44.778316,-0.116702,RAUZAN - Cave Coopérative
GIR,38044,44.778896,-0.124583,RAUZAN - Mairie
GIR,38050,44.749360,-0.074954,BLASIMON - Bourg
GIR,38042,44.695280,-0.082569,SAUVETERRE - Porte de St Léger
GIR,38038,44.694190,-0.088829,SAUVETERRE - Cimetière
GIR,38040,44.692260,-0.083907,SAUVETERRE - Gendarmerie
GIR,38041,44.877064,-0.190418,ST SULPICE DE F. - Ecole Primaire
GIR,38065,44.930576,-0.278006,FRONSAC - Gaby
GIR,38064,44.936005,-0.280186,FRONSAC - Tourmalin
GIR,38066,44.939777,-0.283282,FRONSAC - Le Chêne de Gombaud
GIR,38069,44.946370,-0.289088,ST AIGNAN - Vincent
GIR,38071,44.948788,-0.297720,ST AIGNAN - Gros Jean
GIR,38074,44.952900,-0.306149,VILLEGOUGE - Terrachère
GIR,38080,44.957817,-0.306641,VILLEGOUGE - Canet
GIR,38067,44.964600,-0.306982,VILLEGOUGE - Le Basque
GIR,38073,44.966488,-0.308044,VILLEGOUGE - Bourg
GIR,38063,44.967720,-0.308740,VILLEGOUGE - Gendarmerie
GIR,38072,44.969055,-0.314944,VILLEGOUGE - Colin
GIR,38070,44.970220,-0.318308,VILLEGOUGE - Perey
GIR,38079,44.971420,-0.321737,VILLEGOUGE - Eymon
GIR,38068,44.976550,-0.326293,VILLEGOUGE - Marot
GIR,38078,44.987320,-0.332818,VERAC - Les Gaussens
GIR,38077,44.990673,-0.339236,VERAC - Centre
GIR,38076,45.000217,-0.354823,VERAC - Brandet
GIR,38075,45.007530,-0.352587,MOUILLAC - Centre
GIR,38088,45.012768,-0.353256,MOUILLAC - La Mahelle
GIR,38085,45.016000,-0.343393,ST GENES DE F. - Pac de Sol
GIR,38082,45.020054,-0.337030,ST GENES DE F. - Gaudin
GIR,38087,45.018917,-0.324705,PERISSAC - Bourg
GIR,38084,45.018700,-0.314448,PERISSAC - Monument Sidi Brahim
GIR,38083,45.020980,-0.309790,PERISSAC - La Pradelle
GIR,38081,45.021350,-0.305004,PERISSAC - Jean Roux
GIR,38086,45.022890,-0.300088,PERISSAC - La Gare
GIR,47128,44.839950,-0.559862,Stalingrad
GIR,47227,44.842490,-0.556006,Jardin Botanique
GIR,37153,44.842310,-0.549814,Le Rouzic
GIR,35632,44.841633,-0.546465,Boulevard Trarieux
GIR,36469,44.846024,-0.510219,Floirac Dravemont
GIR,38105,44.840780,-0.494781,TRESSES - Le Canon
GIR,38107,44.838740,-0.489482,TRESSES - Mélac
GIR,38097,44.839810,-0.469740,TRESSES - Av. Desclaud
GIR,38102,44.847458,-0.471247,TRESSES - Av. des Trois Lieues
GIR,38101,44.849304,-0.462677,TRESSES - Bourg
GIR,38109,44.850990,-0.457013,TRESSES - Le Verger
GIR,38100,44.850746,-0.454581,TRESSES - Hameau de Fabre
GIR,38127,44.850640,-0.447691,POMPIGNAC - Parc de Cadouin
GIR,38098,44.850500,-0.439002,POMPIGNAC - Mairie
GIR,38123,44.850967,-0.434748,POMPIGNAC - Les Prés de l'Eglise
GIR,38099,44.849370,-0.429375,POMPIGNAC - Hameau de la Laurence
GIR,38125,44.845490,-0.417886,POMPIGNAC - Le Vigneau
GIR,38091,44.842064,-0.410285,SALLEBOEUF - Salomon
GIR,38111,44.840378,-0.401685,SALLEBOEUF - Fontaine d'Albion
GIR,38094,44.842300,-0.397902,SALLEBOEUF - Bourg
GIR,38095,44.841152,-0.386528,SALLEBOEUF - Graveyron
GIR,38110,44.841770,-0.375499,SALLEBOEUF - Pontac
GIR,38112,44.845090,-0.363630,SALLEBOEUF - Les Quatre Ponts
GIR,38118,44.847000,-0.355144,ST GERMAIN DU P. - Salle
GIR,38115,44.848106,-0.347340,ST GERMAIN DU P. - Candelon
GIR,38113,44.846188,-0.332277,ST GERMAIN DU P. - Beaupied
GIR,38117,44.848000,-0.329732,ST GERMAIN DU P. - Cité Pt Bois
GIR,38116,44.856396,-0.322998,ST GERMAIN DU P. - Foyer Communal
GIR,38124,44.853455,-0.316343,ST GERMAIN DU P. - Le Breton
GIR,38126,44.849247,-0.316999,ST GERMAIN DU P. - Cramillan
GIR,38096,44.844270,-0.303060,NERIGEAN - Damanieu
GIR,38114,44.842007,-0.292128,NERIGEAN - Cave Coopérative
GIR,38104,44.841873,-0.288648,NERIGEAN - Eglise
GIR,38108,44.839687,-0.281091,NERIGEAN - Jean Bordes
GIR,38106,44.838886,-0.276264,NERIGEAN - Croix de l'Espellet
GIR,38089,44.847553,-0.267029,GENISSAC - Peyfaure
GIR,38122,44.858624,-0.256973,GENISSAC - Bourg
GIR,38093,44.848473,-0.224680,MOULON - Gueyrosse
GIR,38121,44.846634,-0.220369,MOULON - Bourg
GIR,38090,44.836624,-0.210926,MOULON - Genequin
GIR,38120,44.829170,-0.187262,BRANNE - Bourg
GIR,38103,44.832020,-0.472271,TRESSES - La Belle Etoile
GIR,35594,44.840490,-0.553778,Collège L. Lenoir
GIR,38138,44.828050,-0.461899,CARIGNAN BX - La Chausse
GIR,38133,44.825317,-0.451378,FARGUES ST H. - Les Bons Enfants
GIR,38130,44.824223,-0.447489,FARGUES ST H. - Mairie
GIR,38132,44.824554,-0.440145,FARGUES ST H. - La Relle
GIR,38129,44.825188,-0.430579,FARGUES ST H. - Maison Rouge
GIR,38150,44.829193,-0.414731,BONNETAN - Roux
GIR,38128,44.832220,-0.406414,SALLEBOEUF - La Planteyre
GIR,38131,44.831074,-0.397454,SALLEBOEUF - Le Petit Cos
GIR,38143,44.831303,-0.387657,CAMARSAC - Fausse Nègre
GIR,38142,44.830547,-0.382055,CAMARSAC - Les Sept Frères
GIR,38144,44.833000,-0.363375,CAMARSAC - Mairie
GIR,38136,44.834785,-0.339133,BARON - Le Poteau
GIR,38140,44.827576,-0.322069,BARON - L'Oustalot
GIR,38141,44.825360,-0.313711,BARON - Bariac
GIR,38134,44.822533,-0.293042,ST QUENTIN DE B. - La Magrine
GIR,38137,44.821320,-0.286121,ST QUENTIN DE B. - Stade
GIR,38135,44.817837,-0.273982,ST QUENTIN DE B. - Luchey
GIR,38145,44.818010,-0.268196,ST QUENTIN DE B. - Carensac
GIR,38139,44.817770,-0.254847,ESPIET - Lestrille
GIR,38147,44.822403,-0.248457,TIZAC DE C. - Bel Air
GIR,38148,44.819820,-0.225493,GREZILLAC - Carteyron
GIR,38146,44.822063,-0.217287,GREZILLAC - Le Moine
GIR,38149,44.824482,-0.204331,GREZILLAC - Gariga
GIR,38158,44.830560,-0.544295,BORDEAUX - Mattéotti
GIR,36440,44.827360,-0.538497,FLOIRAC - AIA
GIR,38155,44.825157,-0.533585,FLOIRAC - Arena
GIR,38191,44.814995,-0.527929,Bouliac Centre Commercial
GIR,38179,44.778560,-0.495458,LATRESNE - Aire de Covoiturage
GIR,38176,44.772660,-0.487523,CAMBLANES - Fontbonne
GIR,38162,44.769855,-0.488371,CAMBLANES - Vienne
GIR,38174,44.765150,-0.488829,CAMBLANES - Eglise
GIR,38164,44.766983,-0.482504,CAMBLANES - Garaude
GIR,38167,44.766953,-0.478254,CAMBLANES - Bavolier
GIR,38171,44.768032,-0.466582,CAMBLANES - La Lande
GIR,38156,44.768970,-0.457548,CAMBLANES - Rd Pt de la Barade
GIR,38173,44.769714,-0.435381,CAMBLANES - Jossim
GIR,38190,44.768776,-0.421376,SADIRAC - Platon
GIR,38180,44.763237,-0.403110,MADIRAC - Le Carpe
GIR,38153,44.762993,-0.394310,MADIRAC - Les Mignons
GIR,38178,44.764660,-0.383878,SADIRAC - Chalon
GIR,38170,44.766953,-0.364939,CREON - La Verrerie
GIR,38175,44.770924,-0.352507,CREON - La Croix
GIR,38166,44.772556,-0.345371,CREON - Gendarmerie
GIR,38172,44.771687,-0.335423,CREON - Riboutet
GIR,38169,44.769505,-0.310851,LA SAUVE - Bourg
GIR,38159,44.774326,-0.301827,LA SAUVE - La Tuilière
GIR,38184,44.774754,-0.268458,ST LEON - J. Guillos
GIR,38161,44.768616,-0.272408,ST LEON - Bourg
GIR,38189,44.765293,-0.275365,ST LEON - Le Canton
GIR,38160,44.755190,-0.286665,ST LEON - Chanterot
GIR,38165,44.748158,-0.277890,TARGON - Dom. du Bois de Chartres
GIR,38168,44.739060,-0.270433,TARGON - Berthoumieu
GIR,38163,44.734562,-0.264827,TARGON - Pl. du 11 Novembre
GIR,38151,44.738903,-0.216906,BELLEBAT - Bourg
GIR,38177,44.722332,-0.194924,BAIGNEAUX - Au Pont
GIR,38182,44.702460,-0.168290,MARTRES - Jeandillon
GIR,38188,44.697315,-0.167765,COIRAC - Marchand
GIR,38187,44.691566,-0.166760,COIRAC - Bourg
GIR,38181,44.697132,-0.147923,ST BRICE - Le Puits
GIR,38186,44.697815,-0.141841,ST BRICE - Penot
GIR,38183,44.696840,-0.127286,ST BRICE - Les Boineaux
GIR,38154,44.697525,-0.109135,SAUVETERRE - Cantillac
GIR,38152,44.776093,-0.349632,CREON - Office du Tourisme
GIR,38185,44.839020,-0.559312,Quai Deschamps
GIR,38211,44.817640,-0.527436,BOULIAC - C. Cial Gabarre
GIR,36974,44.821068,-0.513345,Pont de Bouliac
GIR,38207,44.811560,-0.506487,BOULIAC - Le Marais
GIR,38201,44.805107,-0.498141,CARIGNAN BX - Croix d'Ardit
GIR,38206,44.808334,-0.492813,CARIGNAN BX - Grand Arnaud
GIR,38192,44.809560,-0.478642,CARIGNAN BX - Bouchon de Robert
GIR,38196,44.813274,-0.474726,CARIGNAN BX - Mairie
GIR,38205,44.816807,-0.473789,CARIGNAN BX - Moulin Vergne
GIR,38198,44.819060,-0.473081,CARIGNAN BX - Rd Pt de Cabirac
GIR,38194,44.820316,-0.468391,CARIGNAN BX - Bel Air
GIR,38193,44.822193,-0.460297,CARIGNAN BX - Lestonnac
GIR,38215,44.819767,-0.445170,FARGUES ST H. - Clos Poujeau
GIR,38197,44.815460,-0.447891,FARGUES ST H. - La Fraise
GIR,38202,44.804585,-0.439952,LIGNAN BX - Escorgeboeuf
GIR,38204,44.796917,-0.427798,LIGNAN BX - Bourg
GIR,38200,44.791523,-0.425072,LIGNAN BX - Casaubaque
GIR,38195,44.783623,-0.416709,SADIRAC - Piron
GIR,38216,44.781124,-0.411423,SADIRAC - Eglise
GIR,38214,44.783283,-0.400420,SADIRAC - Le Casse
GIR,38209,44.783226,-0.396091,SADIRAC - Les Merles
GIR,38208,44.781624,-0.385320,SADIRAC - Balaude
GIR,38213,44.791145,-0.381529,SADIRAC - Laurent Videau
GIR,38212,44.794110,-0.383905,SADIRAC - Lorient
GIR,38199,44.785710,-0.373360,SADIRAC - ZA Bel Air
GIR,38218,44.783157,-0.369893,SADIRAC - Camping
GIR,38217,44.780310,-0.362686,SADIRAC - La Croix Blanche
GIR,33420,44.776203,-0.351452,CREON - Le Moulin
GIR,38210,44.772003,-0.336950,CREON - Centre Commercial
GIR,38231,44.770763,-0.457363,CENAC - Le Pin Franc
GIR,38232,44.779514,-0.460663,CENAC - Bourg
GIR,38230,44.765285,-0.452155,CAMBLANES - Damluc
GIR,38223,44.759422,-0.452580,CAMBLANES - Meynac
GIR,38226,44.754925,-0.448839,ST CAPRAIS BX - Tambourins
GIR,38219,44.749065,-0.451820,CAMBES - Baragne
GIR,38225,44.750458,-0.443748,ST CAPRAIS BX - La Pastorale
GIR,38224,44.750153,-0.435353,ST CAPRAIS BX - Mairie
GIR,38220,44.748226,-0.431684,ST CAPRAIS BX - Stade
GIR,38222,44.747963,-0.423140,ST CAPRAIS BX - Patagrou
GIR,38221,44.742798,-0.416730,ST CAPRAIS BX - Vacher
GIR,38228,44.735058,-0.410672,TABANAC - Les Gahets
GIR,38229,44.726740,-0.401956,TABANAC - Chât. d'Eau
GIR,38227,44.720820,-0.405770,TABANAC - Mairie
GIR,38233,44.828340,-0.602577,Hôpital Pellegrin
GIR,35493,44.826477,-0.600635,Bordeaux Carreire
GIR,35466,44.823265,-0.600746,Charles Perrens
GIR,35482,44.821106,-0.602051,Tauzin
GIR,38234,44.804752,-0.600654,TALENCE - Arts et Métiers
GIR,35471,44.801010,-0.596876,Lycée Kastler
GIR,35628,44.799015,-0.598698,CREPS
GIR,35636,44.796543,-0.602400,Ecole de Management
GIR,36031,44.792270,-0.605480,Ecole d'Architecture
GIR,38246,44.802480,-0.503380,LATRESNE - La Seleyre
GIR,38250,44.798470,-0.502068,LATRESNE - Chem. de Coulon
GIR,38248,44.792040,-0.500984,LATRESNE - Les Carrières
GIR,38285,44.786590,-0.498483,LATRESNE - Rd Pt du 5 Décembre
GIR,38286,44.785336,-0.503621,LATRESNE - Chem Port de l'Homme
GIR,38263,44.781925,-0.495315,LATRESNE - Aérocampus
GIR,38235,44.772633,-0.492857,CAMBLANES - Bellevue
GIR,38243,44.766006,-0.494408,CAMBLANES - Le Flech
GIR,38242,44.759583,-0.496439,QUINSAC - Escute
GIR,38239,44.750416,-0.492264,QUINSAC - Bigueresse
GIR,38240,44.744797,-0.486450,QUINSAC - Le Joucla
GIR,38241,44.739613,-0.481198,QUINSAC - Esconac
GIR,38280,44.732243,-0.464605,CAMBES - Bourg
GIR,38237,44.725246,-0.438522,BAURECH - Bourg
GIR,38236,44.722622,-0.428700,BAURECH - Le Bridat
GIR,38251,44.717840,-0.417978,TABANAC - Le Rouquey
GIR,38287,44.710170,-0.403331,LE TOURNE - Bourg
GIR,38272,44.705437,-0.399369,LANGOIRAN - Centre
GIR,38274,44.700558,-0.390001,LANGOIRAN - Le Gardera
GIR,38276,44.698467,-0.383992,LANGOIRAN - Le Pied du Château
GIR,38245,44.696150,-0.379779,LESTIAC - Chât. Lagarère
GIR,38249,44.692680,-0.374448,LESTIAC - Centre
GIR,38247,44.690758,-0.371780,LESTIAC - Lampon
GIR,38254,44.685528,-0.365039,PAILLET - Centre
GIR,38262,44.681050,-0.362834,PAILLET - Fond d'Arlan
GIR,38261,44.668400,-0.351147,RIONS - St Seurin
GIR,38259,44.665480,-0.348962,RIONS - Bourg
GIR,38258,44.661266,-0.343876,RIONS - Les Dagoisses
GIR,38253,44.656880,-0.339824,RIONS - Beauséjour
GIR,38255,44.653347,-0.334761,BEGUEY - ZA Birole
GIR,38252,44.647890,-0.327551,BEGUEY - La Chapelle
GIR,38260,44.644035,-0.323055,BEGUEY - Centre
GIR,38284,44.635857,-0.321007,CADILLAC - Pl. Lattre de Tassigny
GIR,38283,44.636930,-0.317503,CADILLAC - Pl. des Capucins
GIR,38264,44.630222,-0.309621,CADILLAC - Rés. Lamothe
GIR,38244,44.624332,-0.301742,LOUPIAC - Bourg
GIR,38238,44.618122,-0.298072,LOUPIAC - Pitchat
GIR,38270,44.595470,-0.288592,STE CROIX DU M. - Le Peyrat
GIR,38279,44.581910,-0.264045,VERDELAIS - La Nauze
GIR,38273,44.578945,-0.261011,ST MAIXANT - Mairie
GIR,38275,44.575542,-0.255574,ST MAIXANT - La Lane
GIR,38278,44.570717,-0.246551,ST MAIXANT - Monplaisir
GIR,38277,44.568394,-0.242308,ST MAIXANT - Les Noyers
GIR,38267,44.553550,-0.248718,LANGON - Crs du Gal Leclerc
GIR,38265,44.554207,-0.255242,LANGON - Gare TER
GIR,38268,44.549460,-0.258059,LANGON - Rd Pt du Languedoc
GIR,38256,44.547350,-0.255886,LANGON - Lyc. J. Moulin
GIR,38257,44.545788,-0.251951,LANGON - Coll. T. Lautrec
GIR,38271,44.543510,-0.243740,LANGON - Hôpital
GIR,38269,44.543118,-0.252204,LANGON - Centre Commercial
GIR,38266,44.702347,-0.392925,LANGOIRAN - Biac
GIR,38281,44.584038,-0.259067,VERDELAIS - Le Liloy
GIR,38282,44.588974,-0.250893,VERDELAIS - Bourg
GIR,47229,44.806885,-0.592846,TALENCE - Peixotto
GIR,35598,44.802940,-0.593253,Lycée Victor Louis
GIR,35495,44.801200,-0.594686,Avenue de l'Université
GIR,38293,44.796180,-0.593241,TALENCE - Lyc. Hôtelier
GIR,36009,44.788715,-0.587040,Allende
GIR,37511,44.779720,-0.572838,VILLENAVE D'O. - Rés. Le Château
GIR,35279,44.778280,-0.573316,Sarcignan
GIR,38294,44.766697,-0.580133,VILLENAVE D'O. - Anatole France
GIR,38307,44.756447,-0.584599,Collège Chambéry
GIR,38305,44.752280,-0.587946,LEOGNAN - Le Bicon
GIR,38304,44.747253,-0.591124,LEOGNAN - Centre Commercial
GIR,38302,44.741320,-0.596945,LEOGNAN - Pireques
GIR,38301,44.738167,-0.596050,LEOGNAN - La Bouhume
GIR,38308,44.734850,-0.598728,LEOGNAN - Gendarmerie
GIR,38295,44.732530,-0.599894,LEOGNAN - Luxeau
GIR,38306,44.728730,-0.599854,LEOGNAN - Bourg
GIR,38300,44.721764,-0.587441,LEOGNAN - Le Livran
GIR,38288,44.713993,-0.580539,MARTILLAC - Techno. Montesquieu
GIR,38309,44.714560,-0.551862,MARTILLAC - Le Breyra
GIR,38310,44.713627,-0.542849,MARTILLAC - Bourg
GIR,38299,44.709923,-0.549291,MARTILLAC - La Cave
GIR,38297,44.686928,-0.536312,LA BREDE - Av. Capdevielle
GIR,38296,44.681877,-0.525455,LA BREDE - Bourg
GIR,38292,44.685776,-0.519525,LA BREDE - Coudougney
GIR,38291,44.691307,-0.512052,LA BREDE - La Sauque
GIR,38289,44.717075,-0.593491,LEOGNAN - Châteauneuf
GIR,38303,44.745700,-0.594086,LEOGNAN - Le Luc
GIR,35872,44.780660,-0.566102,VILLENAVE D'O. - Pont de la Maye
GIR,35858,44.772050,-0.564377,Soors
GIR,35861,44.763170,-0.559819,Pyrénées
GIR,38313,44.760014,-0.556401,VILLENAVE D'O. - Pont de Langon
GIR,38314,44.751960,-0.549220,CADAUJAC - Lamothe Le Bouscaut
GIR,38325,44.751354,-0.544074,CADAUJAC - Tennis
GIR,38324,44.752180,-0.540536,CADAUJAC - Stade
GIR,38335,44.751984,-0.533609,CADAUJAC - Av. Gal de Gaulle
GIR,38321,44.729137,-0.519920,CADAUJAC - Chem. Port des Places
GIR,38334,44.726818,-0.522214,CADAUJAC - Chem. de Pâté
GIR,38317,44.723960,-0.527709,CADAUJAC - Marguerites
GIR,38332,44.717846,-0.523356,MARTILLAC - Carpo
GIR,38331,44.710290,-0.518387,ST MEDARD D'E. - Le Pontet
GIR,38330,44.697384,-0.511783,ST MEDARD D'E. - La Prade
GIR,38323,44.670933,-0.486194,ST SELVE - Les Colchiques
GIR,38326,44.670525,-0.481511,ST SELVE - Bourg
GIR,38333,44.657635,-0.474845,ST SELVE - Larnavey
GIR,38327,44.652126,-0.471176,ST SELVE - Jeansotte
GIR,38312,44.660465,-0.494644,ST SELVE - Lacanau
GIR,38329,44.650470,-0.503837,ST MORILLON - Bourg
GIR,38322,44.616055,-0.543151,CABANAC ET V. - Gassies
GIR,38316,44.606785,-0.553835,CABANAC ET V. - Bourg
GIR,38320,44.598660,-0.548181,CABANAC ET V. - Le Gat Mort
GIR,38311,44.548237,-0.503001,GUILLOS - Bourg
GIR,38319,44.513332,-0.566698,LOUCHATS - Bourg
GIR,38328,44.429504,-0.488647,ST SYMPHORIEN - Pl. Michelet
GIR,38343,44.659187,-0.597223,SAUCATS - Morisson
GIR,38342,44.651512,-0.596516,SAUCATS - Bourg
GIR,38338,44.571377,-0.595391,CABANAC ET V. - Villagrains
GIR,38340,44.526314,-0.656844,ST MAGNE - Bourg
GIR,38341,44.493150,-0.640342,HOSTENS - Bourg
GIR,38337,44.490566,-0.630093,HOSTENS - Village Vacances
GIR,38344,44.449394,-0.576636,LE TUZAN - Bourg
GIR,38336,44.825184,-0.556796,BORDEAUX - Gare St Jean
GIR,38339,44.496265,-0.650383,HOSTENS - Le Lac
GIR,35590,44.778996,-0.609614,Cimetière de Gradignan
GIR,38354,44.773790,-0.613753,Eglise de Gradignan
GIR,35624,44.766560,-0.618392,Prieuré de Cayac
GIR,38358,44.760460,-0.622224,GRADIGNAN - Lyc. des Graves
GIR,38375,44.748580,-0.641101,CANEJAN - La House
GIR,38345,44.740395,-0.653438,CESTAS - Val de l'Arriga
GIR,38369,44.738747,-0.655890,CESTAS - Réjouit
GIR,38352,44.731834,-0.666484,CESTAS - Bellevue
GIR,38370,44.715530,-0.691812,CESTAS - La Birade
GIR,38366,44.700770,-0.706062,CESTAS - Jauge
GIR,38362,44.683740,-0.722464,CESTAS - Le Puch
GIR,38368,44.672318,-0.730245,LE BARP - La Lagune du Merle
GIR,38360,44.666733,-0.733593,LE BARP - St Jacques
GIR,38384,44.662090,-0.736407,LE BARP - Le Sarroc
GIR,38381,44.646015,-0.746093,LE BARP - Tournebride
GIR,38357,44.630173,-0.755668,LE BARP - Le Barbareau
GIR,38364,44.610000,-0.767862,LE BARP - Le Garde
GIR,38379,44.605020,-0.770309,LE BARP - Bourg
GIR,38378,44.590980,-0.774539,SALLES - Le Pique
GIR,38380,44.582363,-0.777124,SALLES - La Fleur
GIR,38365,44.573540,-0.780216,SALLES - La Vignolle
GIR,38359,44.552193,-0.846271,SALLES - Perrin
GIR,38385,44.551395,-0.861165,SALLES - Lot. du Grand Chemin
GIR,38349,44.551037,-0.867235,SALLES - Bourg
GIR,38371,44.534912,-0.838590,SALLES - A63 Echangeur 21
GIR,38382,44.526993,-0.811463,BELIN BELIET - Quartier Lauray
GIR,38348,44.514435,-0.793255,BELIN BELIET - Le Moura
GIR,38383,44.508620,-0.788315,BELIN BELIET - Beliet
GIR,38350,44.500523,-0.790063,BELIN BELIET - Piste Cyclable
GIR,38346,44.493095,-0.790325,BELIN BELIET - Belin
GIR,38355,44.757374,-0.636389,CANEJAN - Av. du Lac
GIR,38363,44.753930,-0.641677,CANEJAN - Prés de Petiot
GIR,38367,44.751020,-0.641830,CANEJAN - Centre Commercial
GIR,38356,44.733257,-0.651333,CESTAS - Cassini
GIR,38377,44.729748,-0.648575,CESTAS - Pièces de Choisy
GIR,38376,44.731636,-0.654922,CESTAS - Allée du Courtillas
GIR,38351,44.535446,-0.881018,SALLES - Le Mayne
GIR,38361,44.523758,-0.870120,SALLES - Le Lanot
GIR,38374,44.484770,-0.883440,LUGOS - Ecole
GIR,38372,44.482185,-0.883006,LUGOS - Bourg
GIR,38373,44.480255,-0.876298,LUGOS - Péléou
GIR,38353,44.528040,-0.817467,BELIN BELIET - Sylva 21
GIR,38347,44.762440,-0.653766,CANEJAN - Mairie
GIR,38391,44.579617,-0.031238,LA REOLE - Gare TER
GIR,38393,44.580055,-0.038615,LA REOLE - Lyc. J. Renou
GIR,38390,44.582630,-0.036318,LA REOLE - Pl. de la Libération
GIR,38388,44.603070,-0.039873,LA REOLE - Malbat
GIR,38392,44.624520,-0.057116,BAGAS - Bourg
GIR,38386,44.629475,-0.059473,CAMIRAN - Les Faures
GIR,38387,44.651230,-0.063001,ST HILAIRE DU B. - Chollet
GIR,38389,44.683780,-0.076431,SAUVETERRE - St Romain de Vignagu
GIR,38399,44.475850,-0.227985,MAZERES - Calès
GIR,38402,44.444760,-0.237098,BAZAS - Super U
GIR,38394,44.437473,-0.225595,BAZAS - Les Acacias
GIR,38410,44.435623,-0.220846,BAZAS - Stade
GIR,38397,44.431602,-0.213940,BAZAS - Centre
GIR,38404,44.424470,-0.182744,ST COME - Bourg
GIR,38396,44.413460,-0.156951,BIRAC - Malchauque
GIR,38401,44.399940,-0.131719,BIRAC - La Potence
GIR,38398,44.398148,-0.125358,LAVAZAN - Crabey
GIR,38406,44.393673,-0.109362,LAVAZAN - Bourg
GIR,38409,44.389305,-0.095121,MARIONS - Le Branat
GIR,38408,44.390690,-0.086011,MARIONS - Constantin
GIR,38407,44.390600,-0.077462,MARIONS - Le Touyre
GIR,38400,44.389767,-0.068336,MASSEILLES - Capette
GIR,38395,44.388740,-0.056938,GRIGNOLS - La Tuilerie
GIR,38405,44.387024,-0.043976,GRIGNOLS - Centre
GIR,38403,44.385010,-0.040527,GRIGNOLS - Caserne des Pompiers
GIR,38414,44.516075,-0.236596,MAZERES - Zone Activité
GIR,38418,44.496480,-0.210039,COIMERES - Bourg
GIR,38421,44.489227,-0.211734,COIMERES - Chaloupin
GIR,38413,44.490350,-0.229438,COIMERES - Manine
GIR,38420,44.406574,-0.224603,CUDOS - Encal
GIR,38427,44.389324,-0.222154,CUDOS - Bourg
GIR,38419,44.392420,-0.235682,CUDOS - Houn de la Peyre
GIR,38423,44.374460,-0.241961,BERNOS - Charron
GIR,38424,44.370674,-0.243747,BERNOS - Bourg
GIR,38417,44.366840,-0.243225,BERNOS - Piouguet
GIR,38422,44.344772,-0.235724,BERNOS - Le Bois du Fond
GIR,38411,44.321747,-0.243264,CAPTIEUX - Londeix
GIR,38412,44.296330,-0.259133,CAPTIEUX - Gendarmerie
GIR,38416,44.292267,-0.261702,CAPTIEUX - Bourg
GIR,38425,44.290060,-0.258226,CAPTIEUX - Maison de Retraite
GIR,38426,44.283207,-0.253130,CAPTIEUX - CAT Haute Lande
GIR,38415,44.313900,-0.247872,CAPTIEUX - Jean du Blanc
GIR,38431,44.609608,-0.029426,ST SEVE - Bourg
GIR,38432,44.625877,-0.028305,LOUBENS - La Roue
GIR,38428,44.649254,-0.021404,LANDERROUET - Chât. Madame
GIR,38430,44.652126,-0.020633,LANDERROUET - Mairie
GIR,38429,44.656555,-0.018531,LANDERROUET - Rival
GIR,38434,44.680200,-0.011507,CASTELMORON - Bourg
GIR,38433,44.698727,-0.050844,SAUVETERRE - St Léger de Vignague
GIR,38487,44.844060,-0.571300,BORDEAUX - Quinconces
GIR,38473,44.842056,-0.579900,BORDEAUX - Pl. Gambetta
GIR,34762,44.840736,-0.592822,Dutertre
GIR,34785,44.840164,-0.600337,Barrière Judaïque
GIR,34828,44.839610,-0.607216,BORDEAUX - Bel Air
GIR,38472,44.837330,-0.619767,La Glacière
GIR,35710,44.834710,-0.636414,Colette
GIR,38470,44.832718,-0.644855,MERIGNAC - Les Quatre Chemins
GIR,34751,44.831470,-0.655963,Mérignac Soleil
GIR,34823,44.829075,-0.663634,Chemin Long
GIR,36595,44.828106,-0.671930,Château Rouquey
GIR,36542,44.822044,-0.691517,La Grave
GIR,38483,44.818610,-0.699664,Oscar Auriac
GIR,38479,44.815285,-0.709844,MERIGNAC - Base Aérienne 106
GIR,38481,44.813750,-0.726788,MERIGNAC - Les Deux Poteaux
GIR,38475,44.812710,-0.744967,ST JEAN D'I. - Rue Dauphine
GIR,38478,44.810710,-0.752847,ST JEAN D'I. - Av. de Boulac
GIR,38464,44.809673,-0.757833,ST JEAN D'I. - Allée du Mayne
GIR,38476,44.808980,-0.766515,ST JEAN D'I. - Allée de Barlan
GIR,38474,44.810986,-0.778067,ST JEAN D'I. - Caserne Pompiers
GIR,38480,44.811367,-0.781704,ST JEAN D'I. - Mairie
GIR,38469,44.808320,-0.787068,ST JEAN D'I. - Rue de la Peloue
GIR,38467,44.807106,-0.793822,ST JEAN D'I. - Clairière St Jean
GIR,38499,44.805836,-0.805811,ST JEAN D'I. - Collège
GIR,38462,44.798977,-0.835993,ST JEAN D'I. - Le Las
GIR,38500,44.786526,-0.912954,LANTON - La Barre
GIR,38445,44.783672,-0.934232,LANTON - Blagon
GIR,38493,44.776060,-1.051825,ANDERNOS - Querquillas
GIR,38497,44.762844,-1.066998,ANDERNOS - Rd Pt du Miami
GIR,38441,44.758003,-1.072536,ANDERNOS - Salle des Sports
GIR,38443,44.754135,-1.077006,ANDERNOS - Lyc. Nord Bassin
GIR,38495,44.751354,-1.080456,ANDERNOS - Allée P. Despagne
GIR,38442,44.747417,-1.088612,ANDERNOS - Capsus
GIR,38498,44.745930,-1.092580,ANDERNOS - Rue de la Carreyre
GIR,38460,44.742355,-1.098069,ANDERNOS - Centre
GIR,38491,44.749360,-1.107311,ANDERNOS - Comte
GIR,38450,44.758000,-1.118913,ARES - Paco
GIR,38453,44.760810,-1.126609,ARES - Camp. les Ecureuils
GIR,38455,44.762890,-1.132343,ARES - Bld de l'Aérium
GIR,38451,44.766457,-1.138929,ARES - Centre
GIR,38452,44.775860,-1.141698,ARES - Le Perrey
GIR,38482,44.786430,-1.143504,LEGE - Pl. d'Ignac
GIR,38504,44.793830,-1.148039,Cap-Ferret-Andernos
GIR,38505,44.790226,-1.159007,LEGE - Le Barail
GIR,38507,44.760723,-1.180255,LEGE - La Pignada
GIR,38508,44.755856,-1.180181,LEGE - Jane de Boy
GIR,38477,44.748817,-1.180991,LEGE - Claouey
GIR,38456,44.744600,-1.181398,LEGE - Lède des Oies
GIR,38502,44.731350,-1.196192,LEGE - Le Four
GIR,38503,44.728080,-1.197685,LEGE - Les Jacquets
GIR,38494,44.723328,-1.204691,LEGE - Le Petit Piquey
GIR,38485,44.717613,-1.211688,LEGE - Le Grand Piquey
GIR,38484,44.712868,-1.217557,LEGE - Allée des Ecureuils
GIR,38458,44.711285,-1.220939,LEGE - Les Réservoirs
GIR,38492,44.707554,-1.224755,LEGE - Piraillan
GIR,38490,44.700060,-1.230005,LEGE - Le Canon
GIR,38447,44.694010,-1.235703,LEGE - Dune de l'Herbe
GIR,38446,44.686280,-1.237508,LEGE - Rd Pt de l'Herbe
GIR,38489,44.658978,-1.251955,LEGE - Allée des Dunes
GIR,38448,44.654945,-1.249760,LEGE - Av. de l'Océan
GIR,38471,44.656280,-1.241939,LEGE - Rue de la Plage
GIR,38468,44.651910,-1.245357,LEGE - Rue des Fauvettes
GIR,38454,44.650616,-1.251238,LEGE - Rue des Mouettes
GIR,38463,44.642700,-1.248788,LEGE - Av. Sud du Phare
GIR,38506,44.639600,-1.248794,LEGE - La Brise
GIR,38461,44.640070,-1.254395,LEGE - Av. des Tourterelles
GIR,38488,44.629288,-1.252811,LEGE - Av. Nord
GIR,38486,44.623900,-1.247233,LEGE - La Pointe
GIR,38459,44.629430,-1.249303,LEGE - Rue du Sémaphore
GIR,38466,44.648746,-1.248926,LEGE - Av. Nord du Phare
GIR,34835,44.836650,-0.605974,Verte
GIR,38465,44.836594,-0.598215,BORDEAUX - Barr. d'Arès
GIR,38449,44.838516,-0.589896,BORDEAUX - St Bruno
GIR,38501,44.840054,-0.583884,Gambetta Mériadeck
GIR,38457,44.798733,-1.222186,LEGE - Océan le Grand Crohot
GIR,36793,44.796562,-0.621679,Unitec
GIR,36267,44.786217,-0.639287,Eiffel
GIR,38515,44.785282,-0.644151,PESSAC - Archimède
GIR,36243,44.781075,-0.655329,Europarc
GIR,38509,44.775223,-0.663869,CANEJAN - La Briquetterie
GIR,38510,44.768295,-0.659965,CANEJAN - Rd Pt Granet
GIR,38520,44.764530,-0.659144,CANEJAN - Allée des Bleuets
GIR,38513,44.763850,-0.669321,CANEJAN - Le Courneau
GIR,38518,44.760803,-0.675607,CANEJAN - Sérignan
GIR,38514,44.753914,-0.685411,CESTAS - Marticot
GIR,38521,44.748764,-0.683392,CESTAS - Mano
GIR,38519,44.745190,-0.682707,CESTAS - Av. Mlle de la Harpe
GIR,38523,44.741936,-0.684057,CESTAS - Gendarmerie
GIR,38516,44.740932,-0.679874,CESTAS - Stade
GIR,38517,44.740840,-0.677112,CESTAS - Pl. Bosquets de Pujau
GIR,38522,44.742060,-0.668352,CESTAS - Près de Pinguet
GIR,38511,44.741200,-0.660151,CESTAS - Moutines
GIR,38512,44.747740,-0.655196,CESTAS - Maison de Retraite
GIR,38536,44.559956,-0.874422,SALLES - Taudignon
GIR,38532,44.591965,-0.898553,MIOS - Lillet
GIR,38531,44.602040,-0.923850,MIOS - Peyot
GIR,38539,44.605396,-0.933983,MIOS - Av. de la Libération
GIR,38545,44.606335,-0.939391,MIOS - Salle des Fêtes
GIR,38547,44.613160,-0.946732,MIOS - Le Bois de Freurot
GIR,38526,44.638040,-0.956728,BIGANOS - Z.A.
GIR,38525,44.637700,-0.965808,BIGANOS - Gare TER
GIR,38530,44.640587,-0.974021,BIGANOS - Lycée Côte d'Argent
GIR,38524,44.641890,-0.976627,BIGANOS - Mairie
GIR,38529,44.646260,-0.982868,BIGANOS - Caserne des Pompiers
GIR,38527,44.656483,-0.987364,BIGANOS - Tagon
GIR,38533,44.679000,-1.009163,AUDENGE - Cimetière
GIR,38534,44.684315,-1.016481,AUDENGE - Mairie
GIR,38535,44.688293,-1.019725,AUDENGE - Av. de Certes
GIR,38542,44.701694,-1.033576,LANTON - La Poste
GIR,38540,44.703922,-1.039259,LANTON - Le Braou
GIR,38543,44.705723,-1.043864,LANTON - Le Roumingue
GIR,38544,44.712254,-1.056492,LANTON - Cassy
GIR,38548,44.714306,-1.060060,LANTON - Stade
GIR,38541,44.717770,-1.064236,LANTON - Croix de Taussat
GIR,38546,44.724070,-1.068180,LANTON - Taussat
GIR,38528,44.732155,-1.079180,ANDERNOS - Le Mauret
GIR,38538,44.734493,-1.083726,ANDERNOS - La Petite Poste
GIR,38537,44.738037,-1.090642,ANDERNOS - Rue du Port du Betey
GIR,38558,45.001194,-1.195874,LACANAU - Océan
GIR,38549,45.005913,-1.171810,LACANAU - Le Huga
GIR,38553,45.002570,-1.135198,LACANAU - Le Moutchic
GIR,38557,45.004234,-1.127738,LACANAU - Chem. des Bainasses
GIR,38556,45.007710,-1.112822,LACANAU - Pitrot
GIR,38555,44.996400,-1.088024,LACANAU - Marina Talaris
GIR,38552,44.988075,-1.082725,LACANAU - La Cousteyre
GIR,38551,44.977543,-1.074315,LACANAU - Ville
GIR,38550,44.976574,-1.066661,LACANAU - Centre Commercial
GIR,38554,44.873360,-1.092381,LE PORGE - Bourg
GIR,38565,44.841420,-0.646727,MERIGNAC - Centre Tram
GIR,47235,44.851585,-0.644827,Capeyron
GIR,35000,44.862340,-0.645326,Coubertin
GIR,38572,44.873512,-0.678225,Mairie du Haillan
GIR,34994,44.884323,-0.691128,Herriot
GIR,38573,44.895077,-0.714383,ST MEDARD - Pl. de la République
GIR,37398,44.897660,-0.745293,Hastignan Bourg
GIR,35018,44.893803,-0.745492,Collège d'Hastignan
GIR,35024,44.894325,-0.758816,Village de Cerillan
GIR,38563,44.894490,-0.767662,Belfort
GIR,35023,44.895775,-0.773522,Village d'Issac
GIR,38566,44.877655,-0.936321,LE TEMPLE - Sautuges
GIR,38569,44.880142,-0.990174,LE TEMPLE - Bourg
GIR,38570,44.875458,-1.083046,LE PORGE - Ancienne Gare
GIR,38560,44.831177,-0.573903,BORDEAUX - Pl. de la Victoire
GIR,38562,44.834965,-0.587070,Bibliothèque
GIR,47236,44.831005,-0.604875,BORDEAUX - Hôp. Pellegrin Maurian
GIR,38571,44.894535,-1.201489,LE PORGE - Camp. La Grigne
GIR,38568,44.893340,-1.211928,LE PORGE - Océan
GIR,38561,44.830128,-0.604433,Hôpital Pellegrin
GIR,34952,44.896637,-0.721865,Gare Routière
GIR,38578,44.904170,-0.743806,ST MEDARD - Picot
GIR,38579,44.938213,-0.828558,SALAUNES - Bourg
GIR,38575,44.965780,-0.885348,STE HELENE - Bourg
GIR,38577,45.002580,-1.186289,LACANAU - Marie Curie
GIR,38574,44.967620,-1.143515,LACANAU - La Grande Escoure
GIR,38576,44.961105,-1.136196,LACANAU - Longarisse
GIR,34847,44.841990,-0.584402,Martyrs de la Résistance
GIR,34841,44.844310,-0.589364,Roger Allo
GIR,34851,44.847440,-0.595442,Bel-Orme
GIR,38596,44.850597,-0.606275,Grand-Lebrun
GIR,36765,44.860040,-0.612672,Avenue d'Eysines
GIR,35176,44.863503,-0.618928,BORDEAUX - Soubiras
GIR,38598,44.866867,-0.623792,BORDEAUX - Pins Francs
GIR,38601,44.873707,-0.630236,EYSINES - Le Sulky
GIR,36850,44.877556,-0.623232,Hippodrome
GIR,36495,44.883000,-0.631532,Le Vigean
GIR,38594,44.884457,-0.634832,EYSINES - Rte de Pauillac
GIR,37438,44.889465,-0.648458,Eysines Bourg
GIR,38588,44.894160,-0.668890,LE HAILLAN - La Boyauderie
GIR,35159,44.904877,-0.668992,Mairie du Taillan Médoc
GIR,38595,44.908035,-0.668840,LE TAILLAN - La Pargaud
GIR,38585,44.913803,-0.668736,LE TAILLAN - Av. de Braude
GIR,38599,44.921450,-0.673581,LE TAILLAN - Dom. de Hontane
GIR,38597,44.928596,-0.679119,LE TAILLAN - Machadey
GIR,38606,44.944897,-0.691324,LE PIAN MC - Louens
GIR,38591,44.954613,-0.703598,LE PIAN MC - Pont Bernet
GIR,38603,44.959404,-0.709677,LE PIAN MC - Beaulieu
GIR,38608,44.963790,-0.715241,ARSAC - Allée de Ségur
GIR,38593,44.970528,-0.723720,ARSAC - Rte d'Arsac
GIR,38592,44.985455,-0.743268,ARSAC - Le Linas
GIR,38607,45.007600,-0.771762,AVENSAN - Le Poteau
GIR,38605,45.025276,-0.792213,CASTELNAU - Gendarmerie
GIR,38604,45.027172,-0.798074,CASTELNAU - Bourg
GIR,38602,45.032110,-0.798987,CASTELNAU - Maison de Retraite
GIR,38584,45.036150,-0.799293,CASTELNAU - Rue Audubert
GIR,38614,45.048775,-0.797758,MOULIS - Bouqueyran
GIR,38611,45.073303,-0.792572,LISTRAC MC - Cave Coopérative
GIR,38612,45.086376,-0.796482,LISTRAC MC - Le Fourcas
GIR,38610,45.104504,-0.803718,LISTRAC MC - Donissan
GIR,38619,45.114070,-0.807553,ST LAURENT MC - Quatre Moulins
GIR,38586,45.124560,-0.811703,ST LAURENT MC - Bardouillan
GIR,38618,45.132816,-0.815217,ST LAURENT MC - Saussac
GIR,38615,45.143158,-0.820089,ST LAURENT MC - Hameau des Pins
GIR,38587,45.145940,-0.821390,ST LAURENT MC - La Poste
GIR,38617,45.151356,-0.822355,ST LAURENT MC - Bourg
GIR,38609,45.202015,-0.834954,ST SAUVEUR MC - Bourg
GIR,38616,45.218384,-0.849044,CISSAC - La Mouline
GIR,38613,45.216970,-0.871020,CISSAC - La Cardine
GIR,38582,45.258247,-0.901572,ST GERMAIN D'E. - Lagune
GIR,38583,45.263570,-0.905682,ST GERMAIN D'E. - St Gaux
GIR,38581,45.272650,-0.912853,ST GERMAIN D'E. - Liard
GIR,38590,45.296020,-0.929082,LESPARRE - Fongrouse
GIR,38589,45.305428,-0.936008,LESPARRE - Hôtel de Ville
GIR,38580,45.303910,-0.945401,LESPARRE - Gare TER
GIR,34846,44.846504,-0.597574,Rue de Caudéran
GIR,36056,44.917717,-0.624114,Gare de Blanquefort
GIR,36110,44.915770,-0.634733,Lycée Jean Monnet
GIR,38622,44.919144,-0.634633,BLANQUEFORT - Château Dillon
GIR,38623,44.930280,-0.634761,Caychac Bourg
GIR,38624,44.939976,-0.632765,BLANQUEFORT - Peybois
GIR,38625,44.948223,-0.632805,LE PIAN MC - Chem. de l'Eau
GIR,38631,44.947594,-0.643598,LE PIAN MC - Rosa Bonheur
GIR,38632,44.946175,-0.655031,LE PIAN MC - Les Airials
GIR,38627,44.952644,-0.665051,LE PIAN MC - Auquin
GIR,38630,44.955406,-0.670747,LE PIAN MC - Mairie
GIR,38633,44.949448,-0.685864,LE PIAN MC - Le Pontet
GIR,38620,44.952480,-0.685902,LE PIAN MC - Marlène
GIR,38629,44.962715,-0.688876,LE PIAN MC - Sénéjac
GIR,38621,44.990253,-0.694860,ARSAC - Coll. Panchon
GIR,38628,44.993855,-0.693367,ARSAC - Rue Cazeau Vieil
GIR,38626,44.998665,-0.688482,ARSAC - Mairie
GIR,38645,44.881516,-0.567609,BORDEAUX - Centre Commercial
GIR,35874,44.889225,-0.567059,Palais des congrès
GIR,36283,44.895130,-0.566179,Parc des Expositions Porte D
GIR,36960,44.911000,-0.607813,Ford
GIR,38661,44.911140,-0.619345,BLANQUEFORT - Lycée des Métiers
GIR,36094,44.909008,-0.630730,Mairie de Blanquefort
GIR,38658,44.908176,-0.638939,BLANQUEFORT - Rue Montesquieu
GIR,36071,44.912495,-0.636284,Jean Moulin
GIR,38655,44.948845,-0.630587,LE PIAN MC - Le Poujeau
GIR,38649,44.956040,-0.628765,LE PIAN MC - Centre Commercial
GIR,38653,44.960550,-0.627700,PAREMPUYRE - Landegrand
GIR,38648,44.965946,-0.626327,LUDON - Malleret
GIR,38666,44.977867,-0.623294,LUDON - La Lagune
GIR,38636,44.980682,-0.630475,LUDON - Paloumey
GIR,38651,44.985737,-0.631091,LUDON - Chât. Paloumey
GIR,38679,44.990270,-0.632512,MACAU - Labric
GIR,38678,45.004314,-0.625471,MACAU - Les Trois Moulins
GIR,38680,45.006462,-0.629900,MACAU - Bern
GIR,38665,45.010494,-0.636381,LABARDE - Giscours
GIR,38675,45.015010,-0.639343,LABARDE - Rosemont
GIR,38674,45.021618,-0.638838,LABARDE - Eglise
GIR,38660,45.028545,-0.653622,MARGAUX CANTENAC - Cantenac Bourg
GIR,38677,45.035220,-0.668291,MARGAUX CANTENAC - Issan
GIR,38637,45.040470,-0.674185,MARGAUX CANTENAC - Le Château
GIR,38644,45.043346,-0.677942,MARGAUX CANTENAC - Margaux Bourg
GIR,38643,45.048160,-0.690519,MARGAUX CANTENAC - La Bégorce
GIR,38638,45.056170,-0.699484,SOUSSANS - Bourg
GIR,38639,45.058890,-0.716261,SOUSSANS - Tayac
GIR,38634,45.072197,-0.724119,ARCINS - Bourg
GIR,38642,45.090680,-0.724498,LAMARQUE - Poignet
GIR,38640,45.095177,-0.720207,LAMARQUE - Bourg
GIR,38641,45.097980,-0.722504,LAMARQUE - Rue du Vieux Chêne
GIR,38652,45.101190,-0.726527,CUSSAC - Cussac le Vieux
GIR,38656,45.112247,-0.730398,CUSSAC - Bourg
GIR,38654,45.118970,-0.730811,CUSSAC - Coudot
GIR,38672,45.145424,-0.736171,ST JULIEN B. - Le Bourdieu
GIR,38668,45.147705,-0.741500,ST JULIEN B. - Beychevelle
GIR,38670,45.156700,-0.738934,ST JULIEN B. - La Mouline
GIR,38676,45.165800,-0.741557,ST JULIEN B. - Bourg
GIR,38664,45.179264,-0.752040,PAUILLAC - St Lambert
GIR,38663,45.184170,-0.752593,PAUILLAC - Dauprat
GIR,38657,45.190746,-0.749475,PAUILLAC - Bages
GIR,38650,45.193615,-0.749123,PAUILLAC - Cité Scolaire
GIR,38646,45.196335,-0.749217,PAUILLAC - Pl. de la Liberté
GIR,38667,45.199753,-0.745947,PAUILLAC - Hôtel de Ville
GIR,38647,45.201650,-0.751306,PAUILLAC - Coll. P. de Belleyme
GIR,38669,45.203762,-0.754649,PAUILLAC - Gare TER
GIR,38659,45.210617,-0.760086,PAUILLAC - Padarnac
GIR,38671,45.214990,-0.764630,PAUILLAC - Le Pouyalet
GIR,36113,44.908900,-0.638689,Général de Gaulle
GIR,36114,44.908844,-0.631417,République
GIR,38673,45.222970,-0.764742,PAUILLAC - Mousset
GIR,38635,45.230587,-0.821314,CISSAC - Le Luc
GIR,38681,45.227260,-0.831508,CISSAC - Bourg
GIR,38662,45.216263,-0.853707,CISSAC - ESAT Villambis
GIR,38683,45.041110,-0.937354,BRACH - Eglise
GIR,38691,45.078890,-1.041522,CARCANS - Gymnase
GIR,38692,45.078050,-1.046871,CARCANS - Bourg
GIR,38693,45.075127,-1.073411,CARCANS - Cap de Ville
GIR,38685,45.073307,-1.089864,CARCANS - Le Pouch
GIR,38686,45.062330,-1.132046,CARCANS - Rue des Sandres
GIR,38689,45.067608,-1.140620,CARCANS - Maubuisson
GIR,38684,45.071090,-1.143732,CARCANS - Maison des Arts
GIR,38687,45.078556,-1.145966,CARCANS - Les Sylvadoures
GIR,38688,45.085217,-1.147967,CARCANS - Les Bruyères
GIR,38682,45.090830,-1.147291,CARCANS - Bombannes
GIR,38690,45.082790,-1.186620,CARCANS - Océan
GIR,38700,45.254303,-1.023728,NAUJAC - Bourg
GIR,38697,45.187500,-1.055552,HOURTIN - Château d'Eau
GIR,38698,45.182377,-1.075770,HOURTIN - Les Ourmes
GIR,38694,45.180866,-1.083223,HOURTIN - Le Port
GIR,38695,45.193703,-1.067235,HOURTIN - Le Luc
GIR,38699,45.206980,-1.076711,HOURTIN - Cartignac
GIR,38696,45.214527,-1.125578,HOURTIN - Contaut
GIR,38701,45.222656,-1.166552,HOURTIN - Plage
GIR,38723,45.311550,-0.939498,LESPARRE - Ste Catherine
GIR,38720,45.321434,-0.956452,GAILLAN - Bourg
GIR,38722,45.341484,-0.980429,GAILLAN - Biail
GIR,38713,45.349815,-0.988169,QUEYRAC - Lescapon
GIR,38715,45.362762,-0.977028,QUEYRAC - Bourg
GIR,38711,45.366894,-0.988138,QUEYRAC - La Hontane
GIR,38712,45.367580,-1.001859,QUEYRAC - Gare
GIR,38714,45.367252,-1.012116,QUEYRAC - Le Gadet
GIR,38716,45.364323,-1.031368,QUEYRAC - Le Blanc
GIR,38705,45.356407,-1.060208,VENDAYS - Bourg
GIR,38706,45.365360,-1.086022,VENDAYS - La Moulineyre
GIR,38703,45.377068,-1.143758,VENDAYS - Av. de l'Europe
GIR,38721,45.363785,-1.145392,VENDAYS - Centre Hélio Marin
GIR,38710,45.351833,-1.146151,VENDAYS - Atlantic Club
GIR,38719,45.369900,-1.144727,VENDAYS - Camping Campéole
GIR,38704,45.377766,-1.148467,VENDAYS - Office du Tourisme
GIR,38702,45.378265,-1.157821,VENDAYS - Front de Mer
GIR,38709,45.385868,-1.152461,VENDAYS - Camping Municipal
GIR,38718,45.415733,-1.129434,GRAYAN - Euronat
GIR,38717,45.433520,-1.144998,GRAYAN - Camp. du Gurp
GIR,38708,45.377197,-1.148906,VENDAYS - Bld Foch
GIR,38707,45.378384,-1.155130,VENDAYS - Rue de Gaillan
GIR,38746,45.391693,-1.037767,VENSAC - Les Goujons
GIR,38730,45.396454,-1.037209,VENSAC - La Croix
GIR,38749,45.399376,-1.036167,VENSAC - La Planquette
GIR,38745,45.405410,-1.035327,VENSAC - Gaudin
GIR,38737,45.419945,-1.033481,ST VIVIEN MC - Le Temple
GIR,38747,45.431232,-1.035149,ST VIVIEN MC - Bourg
GIR,38744,45.472427,-1.056814,TALAIS - Bourg
GIR,38748,45.496902,-1.076638,SOULAC - Aérodrome
GIR,38740,45.506180,-1.098340,SOULAC - Jeune Soulac
GIR,38741,45.511017,-1.114648,SOULAC - Vieux Soulac
GIR,38743,45.508240,-1.118243,SOULAC - Gare TER
GIR,38739,45.513306,-1.120960,SOULAC - Le Calvaire
GIR,38742,45.514460,-1.113791,SOULAC - Cimetière
GIR,38736,45.521168,-1.107381,LE VERDON - La Briqueterie
GIR,38731,45.525460,-1.107028,LE VERDON - Les Tourterelles
GIR,38726,45.540710,-1.092532,LE VERDON - Le Royannais
GIR,38724,45.542120,-1.083042,LE VERDON - Rue de la Vissoule
GIR,38729,45.542156,-1.076012,LE VERDON - Grandes Maisons
GIR,38728,45.543507,-1.063127,LE VERDON - Eglise
GIR,38732,45.546844,-1.059825,LE VERDON - Rue des Mésanges
GIR,38738,45.546875,-1.066636,LE VERDON - Les Chênes Verts
GIR,38735,45.552680,-1.065557,LE VERDON - Le Logis
GIR,38733,45.557697,-1.067244,LE VERDON - Le Pastin
GIR,38727,45.566890,-1.065592,LE VERDON - Pointe de Grave
GIR,38725,45.308228,-0.936392,LESPARRE - Coll. Notre Dame
GIR,38734,45.299595,-0.926171,LESPARRE - Ets Scolaires
GIR,38761,45.057690,-0.772492,MOULIS - Stade
GIR,38764,45.004154,-0.619760,MACAU - Gare TER
GIR,38763,44.982056,-0.603954,LUDON - Eglise
GIR,38762,45.034023,-0.755659,AVENSAN - Bourg
GIR,38765,45.248684,-0.835968,VERTHEUIL - Bourg
GIR,38766,45.486237,-1.120199,SOULAC - Le Lilhan
GIR,38768,45.484924,-1.148145,SOULAC - Chapelle de l'Amélie
GIR,38767,45.511750,-1.130966,SOULAC - Plage Centre
