User Information,,,,,,,,,,,,,,
,,,,,,,,,,,,,,
First Name,Last Name,Phone,Email Address,Personal Web,Address,City,State,Country,ZIP Code,Register_year,Register_date,latitude,longitude,Comment
Lilita,Ar-Rahman,217-605-5001,dmenons3141@steamgreenlight.ml,https://theuselessweb.com/,5 Southampton Drive,Randolph,Wisconsin,Guatemala,62656,2019,1-Jan,40.72525,-74.00788889,
Mirka,Rickey,630-545-3901,kronvold@hotmail.com,http://eelslap.com/,33 Trusel Dr. ,Clinton,Indiana,Lithuania,60440,2010,9-Mar,43.12080556,-79.04166667,
Clara,Nimet,630-545-3901,adillon@live.com,http://tinytuba.com/,478 Wakehurst Street ,Salt Lake City,Utah,Tuvalu,60139,2018,8-Jun,43.10521419,-75.2270364,
Roswell ,Aeron,,chaffar@sbcglobal.net,http://www.movenowthinklater.com/,975 N. Oklahoma St. ,Shenyang,North Carolina,Finland,60521,2017,1-Mar,42.81865556,-78.84708333,
Caelia ,Aries,630-856-6056,dmenons3141@yxbooketo.ru,http://www.republiquedesmangues.fr/,7092 Gainsway Street,Rawalpindi,Illinois,Martinique,60525,2000,3-Dec,43.176273,-77.513118,Can a rising outset fiddle underneath the calm?
Til ,Cyan,309-268-5180,bartlett@optonline.net,www.google.com,237 Howard Road ,Khartoum,Jiangsu,Cabo Verde,61761,1995,21-Oct,42.80350556,-78.75400556,
Anton ,Coleman,708-684-5010,qmacro@aol.com,http://www.advocatehealth.com/luth-chna-2016,551 Lawrence Ave. ,Pyongyang,Kentucky,Gabon,60453,1990,3-Dec,42.09477778,-78.43988889,
Luanne ,Willamar,847-990-5201,bartlett@optonline.net,https://trypap.com/,984 East Maple Ave. ,Zhongshan,Georgia,Bouvet Island,60048,1950,4-Jun,40.80333333,-73.90694444,
Jurij ,Ofydd,,mwilson@aol.com,http://www.advocatehealth.com/documents/CHNA/SSUBCHNAReport1-14.pdf,53 Purple Finch Court ,Yaoundé,Alabama,Somalia,61530-0203,1999,12-Jul,40.596851,-73.766645,
Abdul-Aziz ,Jayesh,7891234567,hahiss@mac.com,https://trypap.com/,9162 North Galvin Ave. ,Tokyo,New Hampshire,Turkey,60515,2014,16-May,40.76458363,-73.53639908,
Fridenot ,Gayatri,(123)-456-7890,engelen@outlook.com,,5 Southampton Court ,Chittagong,Mississippi,Viet Nam,60010,2013,1-Aug,42.9199,-78.8992,
Hagop ,Ricarda,773-296-7081,mastinfo@optonline.net,https://www.luriechildrens.org/en-us/community/community-health-needs-assessment/Documents/chna-2016.pdf,5 Tarkiln Hill St. ,Giza,South Carolina,Cuba,60657,2910,23-Sep,43.12080556,-79.04166667, The marriage announces the potato. 
Cipriano ,Mongkut,847-723-8446,fbriere@msn.com,www.yahoo.com,65 Sulphur Springs Street ,Almaty,Colorado,Comoros,60068,2004,4-Nov,43.09750978,-77.62129643,
Abhishek ,Lahja,224-783-8002 Ext 1234,hling@yahoo.ca,,8760 Arrowhead St. ,Kathmandu,Arkansas,Serbia,60123,2003,7-Dec,41.1016256,-72.36096632,
Drahomíra ,Adrienn,,kostas@yahoo.com,,8447 SW. Ridgeview Ave. ,Yekaterinburg,New Hampshire,Sri Lanka,60429,1995,5-Feb,42.10023611,-78.43991389,
Alexandra ,Monika,2349026849,henkp@yahoo.com,http://burymewithmymoney.com/,10 Hartford Dr. ,Kinshasa,Utahhhhh,United Arab Emirates,60617,1998,6-Apr,43.072888,-78.946452,
Chiemeka ,Joannes,567.453.3958,dbrobins@gmail.com,,96 East 8th Court ,Manila,Alabama,Ethiopia,60169,1920,8-Jun,42.86915882,-78.86812848, Can the profile pencil a blamed salesman?
Kenna ,Katherina,345-678-1390,mhouston@gmail.com,http://www.staggeringbeauty.com/,516 Cedar Dr. ,Foshan,Tennessee,Guernsey,60007,1900,11-Nov,40.92672286,-73.90148547,
Alexius ,Na'amah,476-204-2903,garyjb@comcast.net,,7304 Cedar Street ,Kharkiv,Colorado,Isle of Man,62002,1202,5/22/1202,40.74558996,-74.0077657,
Riku ,Navin,618-391-6406,sthomas@att.net,https://thatsthefinger.com/,7648 Grandrose Court ,Ibadan,Alabama,Saint Vincent and the Grenadines,62062,3203,2-Oct,43.08222222,-79.05611111,